"Search Phrase","Category","Product ID","Product","Brand or Artist","Release","Format","List Price","Sale Price","Discount","%","Comm.","Bestseller","Rating","Reviews","Link"
"","","B008TQARY6","Quilted Northern Ultra Plush Double Roll Toilet Tissue-White-12 ct","","","","","$16.62","","","$0.66","","5.0","5","http://www.amazon.com/Quilted-Northern-Double-Toilet-Tissue-White-12/dp/B008TQARY6/ref=sr_1_15/190-9749015-2691453?s=hpc&ie=UTF8&qid=1415473595&sr=1-15&keywords=Northern&tag=dummyaffliate"
"","","B00NG3UK9E","Dragon Brand - Green Dragon Tincture - Medicinal CBD Drops - CBD Oil Rich Cannabis Hemp","","","","","$29.99","","","$1.20","","5.0","4","http://www.amazon.com/Dragon-Brand-Tincture-Medicinal-Cannabis/dp/B00NG3UK9E/ref=sr_1_101/190-9749015-2691453?s=hpc&ie=UTF8&qid=1415473604&sr=1-101&keywords=Northern&tag=dummyaffliate"
"","","B007RFJUXE","Northern Detoxifying Soap with Charcoal for a Deep Purifying Effect 120g (Natura Siberica)","","","","","$8.99","","","$0.36","","5.0","4","http://www.amazon.com/Northern-Detoxifying-Purifying-Natura-Siberica/dp/B007RFJUXE/ref=sr_1_116/190-9749015-2691453?s=hpc&ie=UTF8&qid=1415473604&sr=1-116&keywords=Northern&tag=dummyaffliate"
"","","B001CCB7Y8","Northern Light Technologies SADelite","","","","","$200.00","","","$8.00","","5.0","1","http://www.amazon.com/Northern-Light-Technologies-SADelite/dp/B001CCB7Y8/ref=sr_1_18/190-9749015-2691453?s=hpc&ie=UTF8&qid=1415473595&sr=1-18&keywords=Northern&tag=dummyaffliate"
"","","B0064O7K72","Lumie Body Clock","","","","","$180.00","","","$7.20","","5.0","1","http://www.amazon.com/Lumie-NTL-250-Body-Clock/dp/B0064O7K72/ref=sr_1_53/190-9749015-2691453?s=hpc&ie=UTF8&qid=1415473599&sr=1-53&keywords=Northern&tag=dummyaffliate"
"","","B008C6IHS6","Quilted Northern Ultra Plush 30 Jumbo Rolls= 91 Regular Rolls","","","","","$29.95","","","$1.20","","5.0","1","http://www.amazon.com/Quilted-Northern-Ultra-Plush-Regular/dp/B008C6IHS6/ref=sr_1_55/190-9749015-2691453?s=hpc&ie=UTF8&qid=1415473599&sr=1-55&keywords=Northern&tag=dummyaffliate"
"","","B00M3CGHYQ","BWI Christmas Assortment 110-Sheets 20"" x 20"" Tissue Paper - Red, Green & White","","","","$16.99","$9.99","$7.00","41.2%","$0.40","","5.0","1","http://www.amazon.com/Christmas-Assortment-110-Sheets-Tissue-Paper/dp/B00M3CGHYQ/ref=sr_1_94/190-9749015-2691453?s=hpc&ie=UTF8&qid=1415473601&sr=1-94&keywords=Northern&tag=dummyaffliate"
"","","B003K0FQP6","Bulbrite 40R14 40-Watt Incandescent R14 Mini Reflector Light Bulb, Standard Base","","","","","$5.95","","","$0.24","","5.0","1","http://www.amazon.com/Bulbrite-40R14-Incandescent-Reflector-Standard/dp/B003K0FQP6/ref=sr_1_120/190-9749015-2691453?s=hpc&ie=UTF8&qid=1415473604&sr=1-120&keywords=Northern&tag=dummyaffliate"
"","","B00NR8L902","Scented, Natural Soy Wax Candles. Burns Clean, Even, and True-To-Scent for Hours. Perfect as a gift, or for your...","","","","$30.99","$25.00","$5.99","19.3%","$1.00","","4.9","271","http://www.amazon.com/Candles-Hand-poured-different-candles-Cranberry/dp/B00NR8L902/ref=sr_1_52/190-9749015-2691453?s=hpc&ie=UTF8&qid=1415473599&sr=1-52&keywords=Northern&tag=dummyaffliate"
"","","B00BND42NE","Kobi Electric K6L8 15-watt (70-Watt) PAR38 LED 3000K Warm White Outdoor Light Bulb, Non-Dimmable","","","","$30.00","$29.24","$0.76","2.5%","$1.17","","4.8","143","http://www.amazon.com/Electric-15-watt-70-Watt-Outdoor-Non-Dimmable/dp/B00BND42NE/ref=sr_1_62/190-9749015-2691453?s=hpc&ie=UTF8&qid=1415473599&sr=1-62&keywords=Northern&tag=dummyaffliate"
"","","B000LKZLQM","Westbrae Natural Organic Great Northern Beans, 15 Ounce Cans (Pack of 12)","","","","","$26.28","","","$1.05","","4.8","6","http://www.amazon.com/Westbrae-Natural-Organic-Great-Northern/dp/B000LKZLQM/ref=sr_1_24/190-9749015-2691453?s=hpc&ie=UTF8&qid=1415473595&sr=1-24&keywords=Northern&tag=dummyaffliate"
"","","B0030AYFEE","Bulbrite 100A/RS 100W 130V Incandescent Rough Service A19 Bulb","","","","","$4.98","","","$0.20","","4.8","4","http://www.amazon.com/Bulbrite-100A-RS-Incandescent-Service/dp/B0030AYFEE/ref=sr_1_119/190-9749015-2691453?s=hpc&ie=UTF8&qid=1415473604&sr=1-119&keywords=Northern&tag=dummyaffliate"
"","","B00IH0N10G","Krill Oil 1000mg By Naturo Sciences ❉ Neptune Krill Oil ❉ Contains High Concetration of Astaxanthin ✔Higher in...","","","","$39.99","$24.97","$15.02","37.6%","$1.00","","4.7","406","http://www.amazon.com/Naturo-Sciences-Concetration-Astaxanthin-Cardiovascular/dp/B00IH0N10G/ref=sr_1_79/190-9749015-2691453?s=hpc&ie=UTF8&qid=1415473601&sr=1-79&keywords=Northern&tag=dummyaffliate"
"","","B001AH7EQA","Goddard's Furniture Polish 16oz trigger spray","","","","$17.80","$7.38","$10.42","58.5%","$0.30","","4.7","26","http://www.amazon.com/Goddards-Furniture-Polish-trigger-spray/dp/B001AH7EQA/ref=sr_1_78/190-9749015-2691453?s=hpc&ie=UTF8&qid=1415473601&sr=1-78&keywords=Northern&tag=dummyaffliate"
"","","B000VP9ILQ","Northern Lab-Goddards 707085 Goddard's Long Shine Silver Foam","","","","","$6.95","","","$0.28","","4.7","20","http://www.amazon.com/Northern-Lab-Goddards-707085-Goddards-Silver/dp/B000VP9ILQ/ref=sr_1_106/190-9749015-2691453?s=hpc&ie=UTF8&qid=1415473604&sr=1-106&keywords=Northern&tag=dummyaffliate"
"","","B004VLVJAO","Bob's Red Mill Beans Great Northern, 27-Ounce (Pack of 4)","","","","","$22.12","","","$0.88","","4.7","7","http://www.amazon.com/Bobs-Red-Mill-Northern-27-Ounce/dp/B004VLVJAO/ref=sr_1_17/190-9749015-2691453?s=hpc&ie=UTF8&qid=1415473595&sr=1-17&keywords=Northern&tag=dummyaffliate"
"","","B00OFK96H4","Ipow up to 16"" Latest Perforated Cloth Enhanced Professional Four Spring Sport Breathable Knee Patella Compression...","","","","$29.89","$12.93","$16.96","56.7%","$0.52","","4.7","7","http://www.amazon.com/Perforated-Professional-Breathable-Compression-adjustaable/dp/B00OFK96H4/ref=sr_1_63/190-9749015-2691453?s=hpc&ie=UTF8&qid=1415473599&sr=1-63&keywords=Northern&tag=dummyaffliate"
"","","B007PR47J6","Wasa Crisp'n Light Wholesome Wheat Crackerbread, 4.9 Ounce Packages (Pack of 10)","","","","","$19.47","","","$0.78","","4.6","309","http://www.amazon.com/Wasa-Crispn-Wholesome-Crackerbread-Packages/dp/B007PR47J6/ref=sr_1_93/190-9749015-2691453?s=hpc&ie=UTF8&qid=1415473601&sr=1-93&keywords=Northern&tag=dummyaffliate"
"","","B0009QWAQ2","Prairie View Industries SFW330 Portable Singlefold Ramp, 3 ft x 30 in","","","","$202.40","$125.00","$77.40","38.2%","$5.00","Yes","4.6","189","http://www.amazon.com/Prairie-View-Industries-SFW330-Singlefold/dp/B0009QWAQ2/ref=sr_1_84/190-9749015-2691453?s=hpc&ie=UTF8&qid=1415473601&sr=1-84&keywords=Northern&tag=dummyaffliate"
"","","B004ECR0BM","Rodelle Pure Vanilla Extract, 8-Ounce","","","","","$10.40","","","$0.42","","4.6","116","http://www.amazon.com/Rodelle-Pure-Vanilla-Extract-8-Ounce/dp/B004ECR0BM/ref=sr_1_58/190-9749015-2691453?s=hpc&ie=UTF8&qid=1415473599&sr=1-58&keywords=Northern&tag=dummyaffliate"
"","","B00HF4J3RA","Kobi Electric K8L2 8-watt (45-Watt) G25 LED 5000K Cool White Indoor Vanity Globe Light Bulb, Dimmable","","","","","$14.50","","","$0.58","","4.6","79","http://www.amazon.com/Electric-8-watt-45-Watt-Indoor-Dimmable/dp/B00HF4J3RA/ref=sr_1_98/190-9749015-2691453?s=hpc&ie=UTF8&qid=1415473604&sr=1-98&keywords=Northern&tag=dummyaffliate"
"","","B000OQXXOA","Harney & Sons Classic Dragon Pearl Jasmine Tea, 20 Tea Sachets, 1.4oz","","","","","$11.99","","","$0.48","","4.6","78","http://www.amazon.com/Harney-Sons-Classic-Jasmine-Sachets/dp/B000OQXXOA/ref=sr_1_65/190-9749015-2691453?s=hpc&ie=UTF8&qid=1415473599&sr=1-65&keywords=Northern&tag=dummyaffliate"
"","","B000VPEEB0","Northern Lab-Goddards 654709 Goddard's Long Shine Silver Foam","","","","","$15.05","","","$0.60","","4.6","46","http://www.amazon.com/Northern-Lab-Goddards-654709-Goddards-Silver/dp/B000VPEEB0/ref=sr_1_69/190-9749015-2691453?s=hpc&ie=UTF8&qid=1415473599&sr=1-69&keywords=Northern&tag=dummyaffliate"
"","","B001IYE58K","Sombra Original Pain Relieving Gel - 8 oz Jar","","","","$32.25","$15.95","$16.30","50.5%","$0.64","","4.6","35","http://www.amazon.com/Sombra-Original-Pain-Relieving-Gel/dp/B001IYE58K/ref=sr_1_108/190-9749015-2691453?s=hpc&ie=UTF8&qid=1415473604&sr=1-108&keywords=Northern&tag=dummyaffliate"
"","","B005HPYIZQ","Flufftastic 3 Flavor Party Pack Premium Cotton Candy Floss w/50 Cones, Pint","","","","","$17.96","","","$0.72","","4.6","34","http://www.amazon.com/Flufftastic-Flavor-Party-Pack-Premium/dp/B005HPYIZQ/ref=sr_1_114/190-9749015-2691453?s=hpc&ie=UTF8&qid=1415473604&sr=1-114&keywords=Northern&tag=dummyaffliate"
"","","B00005T3DY","Duracell DL-CR2 CR2 Lithium Photo Battery","","","","$11.64","$8.99","$2.65","22.8%","$0.36","","4.6","33","http://www.amazon.com/Duracell-DL-CR2-Lithium-Photo-Battery/dp/B00005T3DY/ref=sr_1_81/190-9749015-2691453?s=hpc&ie=UTF8&qid=1415473601&sr=1-81&keywords=Northern&tag=dummyaffliate"
"","","B00C43H680","Seventh Generation Unbleached Bathroom Tissue Roll, 12 Count (Pack of 4)","","","","","$43.89","","","$1.76","","4.6","29","http://www.amazon.com/Seventh-Generation-Unbleached-Bathroom-Tissue/dp/B00C43H680/ref=sr_1_68/190-9749015-2691453?s=hpc&ie=UTF8&qid=1415473599&sr=1-68&keywords=Northern&tag=dummyaffliate"
"","","B000YDFOPE","Philips Avent BPA Free Freeflow Pacifier, Colors May Vary, 2 Count","","","","","$5.99","","","$0.24","","4.5","320","http://www.amazon.com/Philips-Avent-Freeflow-Pacifier-Colors/dp/B000YDFOPE/ref=sr_1_35/190-9749015-2691453?s=hpc&ie=UTF8&qid=1415473597&sr=1-35&keywords=Northern&tag=dummyaffliate"
"","","B0010BK24W","Travel Smart by Conair M-500E Polarized Adapter Plug Set","","","","$16.99","$7.78","$9.21","54.2%","$0.31","","4.5","101","http://www.amazon.com/Travel-Conair-M-500E-Polarized-Adapter/dp/B0010BK24W/ref=sr_1_60/190-9749015-2691453?s=hpc&ie=UTF8&qid=1415473599&sr=1-60&keywords=Northern&tag=dummyaffliate"
"","","B000GWKJZ8","Bulbrite 60A19HM Half Chrome 60W A Shape Bulb","","","","$13.99","$5.97","$8.02","57.3%","$0.24","","4.5","36","http://www.amazon.com/Bulbrite-60A19HM-Half-Chrome-Shape/dp/B000GWKJZ8/ref=sr_1_86/190-9749015-2691453?s=hpc&ie=UTF8&qid=1415473601&sr=1-86&keywords=Northern&tag=dummyaffliate"
"","","B000PZ8DK4","INM Northern Lights Hologram Top Coat Gold","","","","","$6.24","","","$0.25","","4.5","24","http://www.amazon.com/Northern-Lights-Hologram-Coat-Gold/dp/B000PZ8DK4/ref=sr_1_12/190-9749015-2691453?s=hpc&ie=UTF8&qid=1415473595&sr=1-12&keywords=Northern&tag=dummyaffliate"
"","","B00C9HGL1O","Aurora LightPad - LED Light Therapy - Alaska Northern Lights","","","","$499.99","$399.00","$100.99","20.2%","$15.96","","4.5","4","http://www.amazon.com/Aurora-LightPad-Therapy-Alaska-Northern/dp/B00C9HGL1O/ref=sr_1_26/190-9749015-2691453?s=hpc&ie=UTF8&qid=1415473597&sr=1-26&keywords=Northern&tag=dummyaffliate"
"","","B007UZNS5W","Quilted Northern Ultra Plush Bath Tissue, 48 Double Rolls","","","","$25.94","$23.94","$2.00","7.7%","$0.96","Yes","4.5","2","http://www.amazon.com/Quilted-Northern-Ultra-Tissue-Double/dp/B007UZNS5W/ref=sr_1_1/190-9749015-2691453?s=hpc&ie=UTF8&qid=1415473595&sr=1-1&keywords=Northern&tag=dummyaffliate"
"","","B00HX0TPBU","Quilted Northern Ultra Plush Double Roll Bath Tissue, 12 Count","","","","","$6.49","","","$0.26","","4.5","2","http://www.amazon.com/Quilted-Northern-Ultra-Double-Tissue/dp/B00HX0TPBU/ref=sr_1_5/190-9749015-2691453?ie=UTF8&qid=1415473595&sr=1-5&keywords=Northern&tag=dummyaffliate"
"","","B007UZNR1C","Quilted Northern Ultra Plush Bath Tissue, 36 Double Rolls","","","","$19.94","$17.96","$1.98","9.9%","$0.72","","4.4","357","http://www.amazon.com/Quilted-Northern-Ultra-Tissue-Double/dp/B007UZNR1C/ref=sr_1_3/190-9749015-2691453?s=hpc&ie=UTF8&qid=1415473595&sr=1-3&keywords=Northern&tag=dummyaffliate"
"","","B00EOAZZYS","Green Tidings All Natural Deodorant 1oz Lavender *Extra Strength, All Day Protection*","","","","","$6.99","","","$0.28","","4.4","262","http://www.amazon.com/Green-Tidings-Deodorant-Lavender-Protection/dp/B00EOAZZYS/ref=sr_1_45/190-9749015-2691453?s=hpc&ie=UTF8&qid=1415473597&sr=1-45&keywords=Northern&tag=dummyaffliate"
"","","B002HQNFDO","Taylors of Harrogate, Ntingwe Kwazulu Tea, Loose Leaf, 4.4 Ounce Box","","","","","$6.69","","","$0.27","","4.4","172","http://www.amazon.com/Taylors-Harrogate-Ntingwe-Kwazulu-Loose/dp/B002HQNFDO/ref=sr_1_111/190-9749015-2691453?s=hpc&ie=UTF8&qid=1415473604&sr=1-111&keywords=Northern&tag=dummyaffliate"
"","","B00IKUDHA2","KOBI ELECTRIC K2L3 19-watt (100-Watt) A21 LED 5000K COOL White Light Bulb, Dimmable","","","","","$25.00","","","$1.00","","4.4","82","http://www.amazon.com/KOBI-ELECTRIC-19-watt-100-Watt-Dimmable/dp/B00IKUDHA2/ref=sr_1_96/190-9749015-2691453?s=hpc&ie=UTF8&qid=1415473601&sr=1-96&keywords=Northern&tag=dummyaffliate"
"","","B001EIJY2M","Ellie Shoes Women's 301-Hazel Boot","","","","","$5.64 - $50.95","","","","","4.4","73","http://www.amazon.com/Ellie-Shoes-Womens-301-Hazel-Black/dp/B001EIJY2M/ref=sr_1_110/190-9749015-2691453?s=hpc&ie=UTF8&qid=1415473604&sr=1-110&keywords=Northern&tag=dummyaffliate"
"","","B00BLZ1QS8","Quilted Northern Ultra Plus Bath Tissue, 18 Double Rolls","","","","","$22.78","","","$0.91","","4.4","53","http://www.amazon.com/Quilted-Northern-Ultra-Tissue-Double/dp/B00BLZ1QS8/ref=sr_1_40/190-9749015-2691453?s=hpc&ie=UTF8&qid=1415473597&sr=1-40&keywords=Northern&tag=dummyaffliate"
"","","B003OWJCIM","SAD Light Therapy Box - Alaska Northern Lights- North Star 10,000","","","","$399.00","$299.00","$100.00","25.1%","$11.96","","4.4","40","http://www.amazon.com/SAD-Light-Therapy-Box-Northern/dp/B003OWJCIM/ref=sr_1_14/190-9749015-2691453?s=hpc&ie=UTF8&qid=1415473595&sr=1-14&keywords=Northern&tag=dummyaffliate"
"","","B0000AXNO5","Simple Green SPG13005 Degreaser Cleaner, Deodorizer, 1 Gallon Refill Bottle","","","","$22.51","$21.84","$0.67","3.0%","$0.87","","4.4","26","http://www.amazon.com/Simple-Green-SPG13005-Degreaser-Deodorizer/dp/B0000AXNO5/ref=sr_1_95/190-9749015-2691453?s=hpc&ie=UTF8&qid=1415473601&sr=1-95&keywords=Northern&tag=dummyaffliate"
"","","B00DOIGHQ6","CLINIQUE by Clinique Moisture Surge Extended Thirst Relief ( All Skin Types )--75ml/2.5oz","","","","$60.00","$44.50","$15.50","25.8%","$1.78","","4.4","18","http://www.amazon.com/CLINIQUE-Clinique-Moisture-Extended-Thirst/dp/B00DOIGHQ6/ref=sr_1_70/190-9749015-2691453?s=hpc&ie=UTF8&qid=1415473599&sr=1-70&keywords=Northern&tag=dummyaffliate"
"","","B00092ZY14","Duracell MX2500B2PK Photo Batteries, Size AAAA  (2 Batteries)","","","","","$5.03","","","$0.20","","4.4","18","http://www.amazon.com/Duracell-MX2500B2PK-Photo-Batteries-Size/dp/B00092ZY14/ref=sr_1_109/190-9749015-2691453?s=hpc&ie=UTF8&qid=1415473604&sr=1-109&keywords=Northern&tag=dummyaffliate"
"","","B0011X554G","Boxelite OS 10,000 Lux Full Spectrum Light Therapy Desk Lamp for SAD, Black","","","","$265.99","$238.69","$27.30","10.3%","$9.55","","4.4","10","http://www.amazon.com/Boxelite-Spectrum-Light-Therapy-Black/dp/B0011X554G/ref=sr_1_21/190-9749015-2691453?s=hpc&ie=UTF8&qid=1415473595&sr=1-21&keywords=Northern&tag=dummyaffliate"
"","","B000PDY3HI","Great Northern Popcorn, 8-Ounce Portion Packs (Pack of 24)","","","","","$37.76","","","$1.51","Yes","4.4","1","http://www.amazon.com/Great-Northern-Popcorn-8-Ounce-Portion/dp/B000PDY3HI/ref=sr_1_6/190-9749015-2691453?s=hpc&ie=UTF8&qid=1415473595&sr=1-6&keywords=Northern&tag=dummyaffliate"
"","","B0002DSVS8","Energizer Watch/Electronic Batteries, 3 Volts, 2032, 2 batteries (Lithium Button Cell)","","","","$5.99","$3.03","$2.96","49.4%","$0.12","","4.4","1","http://www.amazon.com/Energizer-Electronic-Batteries-batteries-Lithium/dp/B0002DSVS8/ref=sr_1_27/190-9749015-2691453?s=hpc&ie=UTF8&qid=1415473597&sr=1-27&keywords=Northern&tag=dummyaffliate"
"","","B003PGQI48","Wagner 0518080 Control Spray Max HVLP Sprayer","","","","$129.99","$101.96","$28.03","21.6%","$4.08","","4.3","485","http://www.amazon.com/Wagner-0518080-Control-Spray-Sprayer/dp/B003PGQI48/ref=sr_1_46/190-9749015-2691453?s=hpc&ie=UTF8&qid=1415473597&sr=1-46&keywords=Northern&tag=dummyaffliate"
"","","B00BFUFYZK","Quilted Northern Ultra Facial Tissue Cube (16 Boxes)","","","","","$39.99","","","$1.60","","4.3","75","http://www.amazon.com/Quilted-Northern-Ultra-Facial-Tissue/dp/B00BFUFYZK/ref=sr_1_16/190-9749015-2691453?s=hpc&ie=UTF8&qid=1415473595&sr=1-16&keywords=Northern&tag=dummyaffliate"
"","","B0002SQYSM","Lisle 52500 Mechanic's Stethoscope","","","","$19.59","$16.76","$2.83","14.4%","$0.67","","4.3","74","http://www.amazon.com/Lisle-52500-Mechanics-Stethoscope/dp/B0002SQYSM/ref=sr_1_97/190-9749015-2691453?s=hpc&ie=UTF8&qid=1415473604&sr=1-97&keywords=Northern&tag=dummyaffliate"
"","","B002YSMEBY","Travelite 10,000 Lux Full Spectrum Light Therapy Portable Desk Lamp for SAD, Beige","","","","$221.99","$197.19","$24.80","11.2%","$7.89","","4.3","54","http://www.amazon.com/Travelite-Spectrum-Light-Therapy-Portable/dp/B002YSMEBY/ref=sr_1_8/190-9749015-2691453?s=hpc&ie=UTF8&qid=1415473595&sr=1-8&keywords=Northern&tag=dummyaffliate"
"","","B0015DLMOO","Lisle 52750 Stethoscope Kit","","","","$23.95","$21.53","$2.42","10.1%","$0.86","","4.3","50","http://www.amazon.com/Lisle-52750-Stethoscope-Kit/dp/B0015DLMOO/ref=sr_1_75/190-9749015-2691453?s=hpc&ie=UTF8&qid=1415473601&sr=1-75&keywords=Northern&tag=dummyaffliate"
"","","B008C0VKJU","KOBI ELECTRIC K2L7 8-watt (40 watt) R20 LED Warm White Light Bulb, Dimmable","","","","$34.99","$13.59","$21.40","61.2%","$0.54","","4.3","49","http://www.amazon.com/KOBI-ELECTRIC-8-watt-White-Dimmable/dp/B008C0VKJU/ref=sr_1_115/190-9749015-2691453?s=hpc&ie=UTF8&qid=1415473604&sr=1-115&keywords=Northern&tag=dummyaffliate"
"","","B0033XV37K","Great Northern Popcorn, 12-Ounce Portion Packs (Pack of 24)","","","","","$40.62","","","$1.62","","4.3","42","http://www.amazon.com/Great-Northern-Popcorn-12-Ounce-Portion/dp/B0033XV37K/ref=sr_1_9/190-9749015-2691453?s=hpc&ie=UTF8&qid=1415473595&sr=1-9&keywords=Northern&tag=dummyaffliate"
"","","B002RU7B4Y","Pine 100% Pure Therapeutic Grade Essential Oil- 10 ml","","","","$17.98","$4.25","$13.73","76.4%","$0.17","","4.3","35","http://www.amazon.com/Pine-100%25-Therapeutic-Grade-Essential/dp/B002RU7B4Y/ref=sr_1_61/190-9749015-2691453?s=hpc&ie=UTF8&qid=1415473599&sr=1-61&keywords=Northern&tag=dummyaffliate"
"","","B001342WMG","Gerber 22-41771 EVO Tool, 12 Function Multi-Pliers with Sheath","","","","$63.29","$24.99","$38.30","60.5%","$1.00","","4.3","19","http://www.amazon.com/Gerber-22-41771-Function-Multi-Pliers-Sheath/dp/B001342WMG/ref=sr_1_100/190-9749015-2691453?s=hpc&ie=UTF8&qid=1415473604&sr=1-100&keywords=Northern&tag=dummyaffliate"
"","","B0030MK31G","Luxor 10,000 Lux Full Spectrum Light Therapy Pyramid Lamp for SAD, White","","","","$215.99","$186.01","$29.98","13.9%","$7.44","","4.3","12","http://www.amazon.com/Luxor-Spectrum-Light-Therapy-Pyramid/dp/B0030MK31G/ref=sr_1_22/190-9749015-2691453?s=hpc&ie=UTF8&qid=1415473595&sr=1-22&keywords=Northern&tag=dummyaffliate"
"","","B00000JHQE","Duracell MN1300R4 D Cell 4-Count","","","","","$9.70","","","$0.39","","4.2","697","http://www.amazon.com/Duracell-MN1300R4-D-Cell-4-Count/dp/B00000JHQE/ref=sr_1_51/190-9749015-2691453?s=hpc&ie=UTF8&qid=1415473599&sr=1-51&keywords=Northern&tag=dummyaffliate"
"","","B00BGN8QJW","Quilted Northern Ultra Soft and Strong Bath Tissue, 48 Double Rolls","","","","","$23.94","","","$0.96","","4.2","441","http://www.amazon.com/Quilted-Northern-Strong-Tissue-Double/dp/B00BGN8QJW/ref=sr_1_2/190-9749015-2691453?s=hpc&ie=UTF8&qid=1415473595&sr=1-2&keywords=Northern&tag=dummyaffliate"
"","","B00HX0TS3U","Quilted Northern Ultra Soft & Strong Double Roll Bath Tissue, 12 Count","","","","","$5.99","","","$0.24","","4.2","441","http://www.amazon.com/Quilted-Northern-Strong-Double-Tissue/dp/B00HX0TS3U/ref=sr_1_4/190-9749015-2691453?ie=UTF8&qid=1415473595&sr=1-4&keywords=Northern&tag=dummyaffliate"
"","","B000K8UL4C","Mary's Gone Crackers, Original, 6.5-Ounce Boxes (Pack of 12)","","","","","$41.88","","","$1.68","","4.2","294","http://www.amazon.com/Marys-Gone-Crackers-Original-6-5-Ounce/dp/B000K8UL4C/ref=sr_1_48/190-9749015-2691453?s=hpc&ie=UTF8&qid=1415473597&sr=1-48&keywords=Northern&tag=dummyaffliate"
"","","B00007ISWA","Duracell Rechargeable AA Batteries 4 Count (Packaging May Vary)","","","","","$12.95","","","$0.52","","4.2","205","http://www.amazon.com/Duracell-Rechargeable-Batteries-Count-Packaging/dp/B00007ISWA/ref=sr_1_49/190-9749015-2691453?s=hpc&ie=UTF8&qid=1415473599&sr=1-49&keywords=Northern&tag=dummyaffliate"
"","","B009EU825C","Kobi Electric K2L1 15-watt (75-Watt) A19 LED 5000K Cool White Light Bulb, Dimmable","","","","$33.99","$16.45","$17.54","51.6%","$0.66","","4.2","195","http://www.amazon.com/Electric-15-watt-75-Watt-5000K-Dimmable/dp/B009EU825C/ref=sr_1_87/190-9749015-2691453?s=hpc&ie=UTF8&qid=1415473601&sr=1-87&keywords=Northern&tag=dummyaffliate"
"","","B0089VNS5G","CalNaturale Svelte Organic Protein Shake, Variety Pack, 11 Ounce Aseptic Boxes (Pack of 12)","","","","","$26.92","","","$1.08","Yes","4.2","72","http://www.amazon.com/CalNaturale-Svelte-Organic-Protein-Variety/dp/B0089VNS5G/ref=sr_1_39/190-9749015-2691453?s=hpc&ie=UTF8&qid=1415473597&sr=1-39&keywords=Northern&tag=dummyaffliate"
"","","B0046IM7LM","Vitacost Butterbur Extract - Standardized -- 75 mg - 120 Capsules","","","","$39.99","$13.60","$26.39","66.0%","$0.54","","4.2","59","http://www.amazon.com/Vitacost-Butterbur-Extract-Standardized-Capsules/dp/B0046IM7LM/ref=sr_1_73/190-9749015-2691453?s=hpc&ie=UTF8&qid=1415473601&sr=1-73&keywords=Northern&tag=dummyaffliate"
"","","B004WBL5PW","Gerber 31-000594 Swagger  Drop Point Knife  Partially Serrated Edge","","","","$41.26","$17.50","$23.76","57.6%","$0.70","","4.2","53","http://www.amazon.com/Gerber-31-000594-Swagger-Partially-Serrated/dp/B004WBL5PW/ref=sr_1_85/190-9749015-2691453?s=hpc&ie=UTF8&qid=1415473601&sr=1-85&keywords=Northern&tag=dummyaffliate"
"","","B005HPKDIM","Polar Cones Premium Snow Cone & Shaved Ice Syrup, Flavor Variety Pack, Ten 1 Pint Bottles,  160 oz. (Nt. Wt.)","","","","","$41.97","","","$1.68","","4.2","31","http://www.amazon.com/Polar-Premium-Flavor-Ten-Pint/dp/B005HPKDIM/ref=sr_1_57/190-9749015-2691453?s=hpc&ie=UTF8&qid=1415473599&sr=1-57&keywords=Northern&tag=dummyaffliate"
"","","B000AX3SSI","Northern Lab-Goddards 707684 Goddard's Long Shine Silver Care Cloth (17.5"" x 13"")","","","","$9.99","$6.99","$3.00","30.0%","$0.28","","4.2","30","http://www.amazon.com/Northern-Lab-Goddards-707684-Goddards-Silver/dp/B000AX3SSI/ref=sr_1_66/190-9749015-2691453?s=hpc&ie=UTF8&qid=1415473599&sr=1-66&keywords=Northern&tag=dummyaffliate"
"","","B006CSQXLO","Duracell Batteries, Alkaline, AAA 16 batteries","","","","$23.50","$9.99","$13.51","57.5%","$0.40","","4.2","29","http://www.amazon.com/Duracell-Batteries-Alkaline-AAA-batteries/dp/B006CSQXLO/ref=sr_1_117/190-9749015-2691453?s=hpc&ie=UTF8&qid=1415473604&sr=1-117&keywords=Northern&tag=dummyaffliate"
"","","B003XVSPJQ","BR40 120 WATT FLOOD LIGHT BULB 12 PACK","","","","","$49.99","","","$2.00","","4.2","11","http://www.amazon.com/BR40-WATT-FLOOD-LIGHT-BULB/dp/B003XVSPJQ/ref=sr_1_92/190-9749015-2691453?s=hpc&ie=UTF8&qid=1415473601&sr=1-92&keywords=Northern&tag=dummyaffliate"
"","","B00F0KXZE8","Home Advances Solar LED Light with Motion Sensor and Video Camera","","","","$149.99","$129.99","$20.00","13.3%","$5.20","","4.2","5","http://www.amazon.com/Home-Advances-Motion-Sensor-Camera/dp/B00F0KXZE8/ref=sr_1_54/190-9749015-2691453?s=hpc&ie=UTF8&qid=1415473599&sr=1-54&keywords=Northern&tag=dummyaffliate"
"","","B002UJGK1C","Thermos FOOGO Phases Stainless Steel Straw Bottle, Pink/Purple, 10 Ounce","","","","$18.99","$14.83","$4.16","21.9%","$0.59","","4.1","968","http://www.amazon.com/Thermos-Phases-Stainless-Bottle-Purple/dp/B002UJGK1C/ref=sr_1_30/190-9749015-2691453?s=hpc&ie=UTF8&qid=1415473597&sr=1-30&keywords=Northern&tag=dummyaffliate"
"","","B000H8VPNG","PikStik Pro Aluminum Reacher, 32 Inch, Yellow","","","","$23.99","$19.51","$4.48","18.7%","$0.78","","4.1","338","http://www.amazon.com/PikStik-Aluminum-Reacher-Inch-Yellow/dp/B000H8VPNG/ref=sr_1_71/190-9749015-2691453?s=hpc&ie=UTF8&qid=1415473599&sr=1-71&keywords=Northern&tag=dummyaffliate"
"","","B0016H0O6G","Blazer C6423 Trailer Light Kit-1 pair","","","","$38.85","$21.37","$17.48","45.0%","$0.85","","4.1","85","http://www.amazon.com/Blazer-C6423-Trailer-Light-Kit-1/dp/B0016H0O6G/ref=sr_1_82/190-9749015-2691453?s=hpc&ie=UTF8&qid=1415473601&sr=1-82&keywords=Northern&tag=dummyaffliate"
"","","B003Q6CGKW","DewStop FS-100 Condensation Control Sentry Fan Switch, White","","","","$49.00","$36.05","$12.95","26.4%","$1.44","","4.1","68","http://www.amazon.com/DewStop-FS-100-Condensation-Control-Sentry/dp/B003Q6CGKW/ref=sr_1_107/190-9749015-2691453?s=hpc&ie=UTF8&qid=1415473604&sr=1-107&keywords=Northern&tag=dummyaffliate"
"","","B0014ZPAFK","Feel Bright 8,000 to 12,000 Lux Sad Light Therapy Visor","","","","$239.99","$149.00","$90.99","37.9%","$5.96","","4.1","55","http://www.amazon.com/Feel-Bright-Light-Therapy-Visor/dp/B0014ZPAFK/ref=sr_1_47/190-9749015-2691453?s=hpc&ie=UTF8&qid=1415473597&sr=1-47&keywords=Northern&tag=dummyaffliate"
"","","B000YQNGII","Sadelite 10,000 Lux Full Spectrum Light Therapy Desk Lamp for SAD, Beige","","","","","$199.99","","","$8.00","","4.1","42","http://www.amazon.com/Sadelite-Spectrum-Light-Therapy-Beige/dp/B000YQNGII/ref=sr_1_11/190-9749015-2691453?s=hpc&ie=UTF8&qid=1415473595&sr=1-11&keywords=Northern&tag=dummyaffliate"
"","","B003XDIPNA","Flamingo 10,000 Lux Full Spectrum Light Therapy Floor Lamp for SAD, Black","","","","$287.99","$258.95","$29.04","10.1%","$10.36","","4.1","27","http://www.amazon.com/Flamingo-Spectrum-Light-Therapy-Floor/dp/B003XDIPNA/ref=sr_1_23/190-9749015-2691453?s=hpc&ie=UTF8&qid=1415473595&sr=1-23&keywords=Northern&tag=dummyaffliate"
"","","B000BUEC44","Northern Lab-Goddards 704685 Goddard's Granite And Marble Furniture Polish, 8 oz","","","","","$5.88","","","$0.24","","4.1","21","http://www.amazon.com/Northern-Lab-Goddards-704685-Goddards-Furniture/dp/B000BUEC44/ref=sr_1_31/190-9749015-2691453?s=hpc&ie=UTF8&qid=1415473597&sr=1-31&keywords=Northern&tag=dummyaffliate"
"","","B005JE8G12","Bulbrite NOS40T14 40-Watt Nostalgic Edison T14 Tubular, Vintage Spiral Filament","","","","$14.99","$7.08","$7.91","52.8%","$0.28","","4.0","58","http://www.amazon.com/Bulbrite-NOS40T14-40-Watt-Nostalgic-Filament/dp/B005JE8G12/ref=sr_1_83/190-9749015-2691453?s=hpc&ie=UTF8&qid=1415473601&sr=1-83&keywords=Northern&tag=dummyaffliate"
"","","B000UOD5QM","Garmin Heart-Rate Monitor","","","","$60.00","$34.29","$25.71","42.9%","$1.37","","3.9","793","http://www.amazon.com/Garmin-010-10997-00-Heart-Rate-Monitor/dp/B000UOD5QM/ref=sr_1_44/190-9749015-2691453?s=hpc&ie=UTF8&qid=1415473597&sr=1-44&keywords=Northern&tag=dummyaffliate"
"","","B00JJE5NCS","TP+ Cleansing Foam with Aloe, 1.5 fl.oz. 2 Count","","","","","$10.99","","","$0.44","","3.9","50","http://www.amazon.com/TP-Cleansing-Foam-fl-oz-Count/dp/B00JJE5NCS/ref=sr_1_25/190-9749015-2691453?s=hpc&ie=UTF8&qid=1415473597&sr=1-25&keywords=Northern&tag=dummyaffliate"
"","","B00LB1NZSG","Ipow Enhanced Professional Four Spring Sport Breathable Knee Patella Compression Sleeve Wrap Support Brace Cap...","","","","$29.89","$9.93","$19.96","66.8%","$0.40","","3.9","38","http://www.amazon.com/Professional-Breathable-Compression-Stabilizer-adjustaable/dp/B00LB1NZSG/ref=sr_1_59/190-9749015-2691453?s=hpc&ie=UTF8&qid=1415473599&sr=1-59&keywords=Northern&tag=dummyaffliate"
"","","B007UZNR08","Quilted Northern Soft and Strong Bath Tissue, 48 Double Rolls","","","","","$39.95","","","$1.60","","3.8","214","http://www.amazon.com/Quilted-Northern-Strong-Tissue-Double/dp/B007UZNR08/ref=sr_1_7/190-9749015-2691453?s=hpc&ie=UTF8&qid=1415473595&sr=1-7&keywords=Northern&tag=dummyaffliate"
"","","B00196LFIU","BioBrite Sunrise Clock Advanced Model  Charcoal","","","","","$109.95","","","$4.40","","3.8","144","http://www.amazon.com/BioBrite-Sunrise-Clock-Advanced-Charcoal/dp/B00196LFIU/ref=sr_1_32/190-9749015-2691453?s=hpc&ie=UTF8&qid=1415473597&sr=1-32&keywords=Northern&tag=dummyaffliate"
"","","B001JEPEES","Wagner 0518050 Control Spray Double Duty Paint Sprayer","","","","$99.99","$79.00","$20.99","21.0%","$3.16","","3.8","73","http://www.amazon.com/Wagner-0518050-Control-Double-Sprayer/dp/B001JEPEES/ref=sr_1_102/190-9749015-2691453?s=hpc&ie=UTF8&qid=1415473604&sr=1-102&keywords=Northern&tag=dummyaffliate"
"","","B007RAM6DA","Mushroom House Dried Mushroom, Stir Fry Blend, 1-Pound","","","","","$18.60","","","$0.74","","3.8","37","http://www.amazon.com/Mushroom-House-Dried-Blend-1-Pound/dp/B007RAM6DA/ref=sr_1_77/190-9749015-2691453?s=hpc&ie=UTF8&qid=1415473601&sr=1-77&keywords=Northern&tag=dummyaffliate"
"","","B0013T8Y96","Caffe D'arte Firenze Northern Italian Blend Expresso, 45mm-Hard Espresso Pods (Pack of 120)","","","","","$40.97","","","$1.64","","3.8","18","http://www.amazon.com/Caffe-Darte-Northern-Expresso-45mm-Hard/dp/B0013T8Y96/ref=sr_1_64/190-9749015-2691453?s=hpc&ie=UTF8&qid=1415473599&sr=1-64&keywords=Northern&tag=dummyaffliate"
"","","B00DHF9XH6","Quilted Northern Ultra Plush Bath Tissue, 12 Double Rolls","","","","$18.07","$11.19","$6.88","38.1%","$0.45","","3.8","17","http://www.amazon.com/Quilted-Northern-Ultra-Tissue-Double/dp/B00DHF9XH6/ref=sr_1_13/190-9749015-2691453?s=hpc&ie=UTF8&qid=1415473595&sr=1-13&keywords=Northern&tag=dummyaffliate"
"","","B00F4SJ4IC","4pc Beauty Treats Lip Scrub with Almond Creme Wild Apple Vanilla Bean Dark Cherry All 4 Full Set","","","","$15.99","$7.99","$8.00","50.0%","$0.32","Yes","3.8","16","http://www.amazon.com/Beauty-Treats-Almond-Vanilla-Cherry/dp/B00F4SJ4IC/ref=sr_1_72/190-9749015-2691453?s=hpc&ie=UTF8&qid=1415473599&sr=1-72&keywords=Northern&tag=dummyaffliate"
"","","B00E2UWS90","Nebo Lite-Writer LED Pen/Stylus","","","","","$6.00 - $15.32","","","","","3.8","11","http://www.amazon.com/Nebo-Lite-Writer-LED-Pen-Stylus/dp/B00E2UWS90/ref=sr_1_103/190-9749015-2691453?s=hpc&ie=UTF8&qid=1415473604&sr=1-103&keywords=Northern&tag=dummyaffliate"
"","","B007RAM1FI","Havista Dried Mushrooms, Porcini, 1.5-ounce","","","","","$6.12","","","$0.24","","3.7","13","http://www.amazon.com/Havista-Dried-Mushrooms-Porcini-1-5-ounce/dp/B007RAM1FI/ref=sr_1_91/190-9749015-2691453?s=hpc&ie=UTF8&qid=1415473601&sr=1-91&keywords=Northern&tag=dummyaffliate"
"","","B000BQMBAU","Northern Lab-Goddards 708184 Goddard's Brass & Copper Polish, 7 oz.","","","","","$6.59","","","$0.26","","3.7","3","http://www.amazon.com/Northern-Lab-Goddards-708184-Goddards-Copper/dp/B000BQMBAU/ref=sr_1_112/190-9749015-2691453?s=hpc&ie=UTF8&qid=1415473604&sr=1-112&keywords=Northern&tag=dummyaffliate"
"","","B000DZBP60","Wagner 0417005 Control Spray HVLP Sprayer","","","","$89.99","$55.00","$34.99","38.9%","$2.20","","3.6","98","http://www.amazon.com/Wagner-0417005-Control-Spray-Sprayer/dp/B000DZBP60/ref=sr_1_90/190-9749015-2691453?s=hpc&ie=UTF8&qid=1415473601&sr=1-90&keywords=Northern&tag=dummyaffliate"
"","","B005CI9R72","Garmin Wrist Strap Kit for Forerunner 610","","","","$24.99","$18.12","$6.87","27.5%","$0.72","","3.6","54","http://www.amazon.com/Garmin-Wrist-Strap-Kit-Forerunner/dp/B005CI9R72/ref=sr_1_99/190-9749015-2691453?s=hpc&ie=UTF8&qid=1415473604&sr=1-99&keywords=Northern&tag=dummyaffliate"
"","","B000EZOP0W","SnackMasters California Style Turkey Jerky, Original, 1-Ounce Packages (Pack of 12)","","","","","$23.15","","","$0.93","","3.6","45","http://www.amazon.com/SnackMasters-California-Original-1-Ounce-Packages/dp/B000EZOP0W/ref=sr_1_113/190-9749015-2691453?s=hpc&ie=UTF8&qid=1415473604&sr=1-113&keywords=Northern&tag=dummyaffliate"
"","","B0007NP5RS","Timex T5E011 Digital Pedometer","","","","$19.95","$16.42","$3.53","17.7%","$0.66","","3.5","254","http://www.amazon.com/Timex-T5E011-Digital-Pedometer/dp/B0007NP5RS/ref=sr_1_74/190-9749015-2691453?s=hpc&ie=UTF8&qid=1415473601&sr=1-74&keywords=Northern&tag=dummyaffliate"
"","","B007RALXIE","Mushroom House Dried Mushroom, Forest Blend, 1-Pound","","","","","$22.02","","","$0.88","","3.5","52","http://www.amazon.com/Mushroom-House-Dried-Forest-1-Pound/dp/B007RALXIE/ref=sr_1_89/190-9749015-2691453?s=hpc&ie=UTF8&qid=1415473601&sr=1-89&keywords=Northern&tag=dummyaffliate"
"","","B00AKDZ6ME","Lumie Body Clock Active 250, Dawn Simulator Alarm Clock with FM Radio, White","","","","","$139.00","","","$5.56","","3.5","6","http://www.amazon.com/Lumie-Clock-Active-Simulator-Alarm/dp/B00AKDZ6ME/ref=sr_1_29/190-9749015-2691453?s=hpc&ie=UTF8&qid=1415473597&sr=1-29&keywords=Northern&tag=dummyaffliate"
"","","B002SVEORO","Quilted Northern Bathroom Tissue, Ultra Plush Double Rolls 4 Count","","","","","$10.99","","","$0.44","","3.4","37","http://www.amazon.com/Quilted-Northern-Bathroom-Tissue-Double/dp/B002SVEORO/ref=sr_1_19/190-9749015-2691453?s=hpc&ie=UTF8&qid=1415473595&sr=1-19&keywords=Northern&tag=dummyaffliate"
"","","B00CDBBOXQ","Garcinia Cambogia Extract Pure - Premium 1300 with Potassium, Calcium, Chromium and 60% HCA - Appetite Suppressant...","","","","$45.00","$27.97","$17.03","37.8%","$1.12","","3.2","12","http://www.amazon.com/Garcinia-Cambogia-Extract-Pure-Suppressant/dp/B00CDBBOXQ/ref=sr_1_28/190-9749015-2691453?s=hpc&ie=UTF8&qid=1415473597&sr=1-28&keywords=Northern&tag=dummyaffliate"
"","","B006QVWJGU","Quilted Northern Ultra Plush Bath Tissue, Double Roll, 6 ea","","","","","$6.25","","","$0.25","","3.2","6","http://www.amazon.com/Quilted-Northern-Ultra-Tissue-Double/dp/B006QVWJGU/ref=sr_1_10/190-9749015-2691453?s=hpc&ie=UTF8&qid=1415473595&sr=1-10&keywords=Northern&tag=dummyaffliate"
"","","B0049R2Y2C","Greenlite Lighting 11/20/26W/3WAY 35K 3 Way Spiral","","","","","$7.45","","","$0.30","","3.1","20","http://www.amazon.com/Greenlite-Lighting-26W-3WAY-Spiral/dp/B0049R2Y2C/ref=sr_1_118/190-9749015-2691453?s=hpc&ie=UTF8&qid=1415473604&sr=1-118&keywords=Northern&tag=dummyaffliate"
"","","B001KYVLRQ","Quilted Northern Ultra Plush Bathroom Tissue, Double Rolls, 3-ply, Unscented 12ct","","","","","$16.30","","","$0.65","","3.0","5","http://www.amazon.com/Quilted-Northern-Bathroom-Tissue-Unscented/dp/B001KYVLRQ/ref=sr_1_38/190-9749015-2691453?s=hpc&ie=UTF8&qid=1415473597&sr=1-38&keywords=Northern&tag=dummyaffliate"
"","","B002CYS2TS","Northern Light Technologies Nlt-pl36 Pl-36w","","","","","$7.00","","","$0.28","","3.0","4","http://www.amazon.com/Northern-Light-Technologies-Nlt-pl36-Pl-36w/dp/B002CYS2TS/ref=sr_1_42/190-9749015-2691453?s=hpc&ie=UTF8&qid=1415473597&sr=1-42&keywords=Northern&tag=dummyaffliate"
"","","B0009HMFPC","Cozy Products CF Cozy Feet Battery-Powered Reusable Shoe Inserts","","","","$24.99","$15.65","$9.34","37.4%","$0.63","","2.5","187","http://www.amazon.com/Cozy-Products-CF-Battery-Powered-Reusable/dp/B0009HMFPC/ref=sr_1_41/190-9749015-2691453?s=hpc&ie=UTF8&qid=1415473597&sr=1-41&keywords=Northern&tag=dummyaffliate"
"","","B002PN56W2","Quilted Northern Soft & Strong Bathroom Tissue - 36 Jumbo Rolls","","","","$47.99","$24.66","$23.33","48.6%","$0.99","","2.3","15","http://www.amazon.com/Quilted-Northern-Strong-Bathroom-Tissue/dp/B002PN56W2/ref=sr_1_34/190-9749015-2691453?s=hpc&ie=UTF8&qid=1415473597&sr=1-34&keywords=Northern&tag=dummyaffliate"
"","","B003O4KGBC","INTERNATONAL NAIL MANUFACTURERS Northern Lights Hologram Top Coat Gold","","","","","$11.25","","","$0.45","","1.0","1","http://www.amazon.com/INTERNATONAL-NAIL-MANUFACTURERS-Northern-Hologram/dp/B003O4KGBC/ref=sr_1_56/190-9749015-2691453?s=hpc&ie=UTF8&qid=1415473599&sr=1-56&keywords=Northern&tag=dummyaffliate"
"","","B00OXT0MZW","Quilted Northern Double Rolls Family Size Pack 96 Roll","","","","","$73.98","","","$2.96","","","","http://www.amazon.com/Quilted-Northern-Double-Rolls-Family/dp/B00OXT0MZW/ref=sr_1_20/190-9749015-2691453?s=hpc&ie=UTF8&qid=1415473595&sr=1-20&keywords=Northern&tag=dummyaffliate"
"","","B00HGYPFXK","Renuzit Holiday Gel Air Freshener - Northern Pine & Gingerbread Limited Edition - 2 Pack","","","","","$7.11","","","$0.28","","","","http://www.amazon.com/Renuzit-Holiday-Gel-Air-Freshener/dp/B00HGYPFXK/ref=sr_1_33/190-9749015-2691453?s=hpc&ie=UTF8&qid=1415473597&sr=1-33&keywords=Northern&tag=dummyaffliate"
"","","B00HEP9YD8","Quilted Northern Ultra Plush Bath Tissue, 48 Double Rolls","","","","","$44.49","","","$1.78","","","","http://www.amazon.com/Quilted-Northern-Ultra-Tissue-Double/dp/B00HEP9YD8/ref=sr_1_36/190-9749015-2691453?s=hpc&ie=UTF8&qid=1415473597&sr=1-36&keywords=Northern&tag=dummyaffliate"
"","","B005LXZE5C","Tilt Stand Combo - SAD - Light Therapy Box - Alaska Northern Lights","","","","$430.00","$379.00","$51.00","11.9%","$15.16","","","","http://www.amazon.com/Tilt-Stand-Combo-Therapy-Northern/dp/B005LXZE5C/ref=sr_1_37/190-9749015-2691453?s=hpc&ie=UTF8&qid=1415473597&sr=1-37&keywords=Northern&tag=dummyaffliate"
"","","B00NDMLBEG","Quilted Northern Ultra Plush Toilet Paper, Double Rolls, 96 Count","","","","","$74.60","","","$2.98","","","","http://www.amazon.com/Quilted-Northern-Ultra-Toilet-Double/dp/B00NDMLBEG/ref=sr_1_43/190-9749015-2691453?s=hpc&ie=UTF8&qid=1415473597&sr=1-43&keywords=Northern&tag=dummyaffliate"
"","","B0096XPUU2","Georgia-Pacific Quilted Northern Plush Bathroom Tissue - 3 Ply - 176Sheets/Roll - 30 / Pack - White","","","","","$22.99","","","$0.92","","","","http://www.amazon.com/Georgia-Pacific-Quilted-Northern-Bathroom-Tissue/dp/B0096XPUU2/ref=sr_1_50/190-9749015-2691453?s=hpc&ie=UTF8&qid=1415473599&sr=1-50&keywords=Northern&tag=dummyaffliate"
"","","B00298EEPS","Quilted Northern Ultra Plush Toilet Paper - Bathroom Tissue, 3 PLY, 30 Jumbo Rolls (Equals 80 Regular Rolls)","","","","$27.99","$20.99","$7.00","25.0%","$0.84","","","","http://www.amazon.com/Quilted-Northern-Ultra-Plush-Toilet/dp/B00298EEPS/ref=sr_1_76/190-9749015-2691453?s=hpc&ie=UTF8&qid=1415473601&sr=1-76&keywords=Northern&tag=dummyaffliate"
"","","B00CRF4I3G","Quilted Northern with Cleanstretch Triple Rolls , 8 ROL (Pack of 6)","","","","","$99.08","","","$3.96","","","","http://www.amazon.com/Quilted-Northern-Cleanstretch-Triple-Rolls/dp/B00CRF4I3G/ref=sr_1_80/190-9749015-2691453?s=hpc&ie=UTF8&qid=1415473601&sr=1-80&keywords=Northern&tag=dummyaffliate"
"","","B00CPY8HV8","Quilted Northern Ultra Soft & Strong, 6 Double Rolls","","","","","$4.00","","","$0.16","","","","http://www.amazon.com/Quilted-Northern-Ultra-Strong-Double/dp/B00CPY8HV8/ref=sr_1_88/190-9749015-2691453?s=hpc&ie=UTF8&qid=1415473601&sr=1-88&keywords=Northern&tag=dummyaffliate"
"","","B00MBMMJ0E","Replacement Tubes (2 bulbs) for TRAVelite and FLAMINGO ((for SAD Seasonally Affected Disorder)) Brand: Northern...","","","","","$74.99","","","$3.00","","","","http://www.amazon.com/Replacement-TRAVelite-Seasonally-S-D/dp/B00MBMMJ0E/ref=sr_1_104/190-9749015-2691453?s=hpc&ie=UTF8&qid=1415473604&sr=1-104&keywords=Northern&tag=dummyaffliate"
"","","B00I474P2A","Quilted Northern Ultra Plush Bath Tissue 3-Ply White 30ct","","","","","$36.69","","","$1.47","","","","http://www.amazon.com/Quilted-Northern-Ultra-Plush-Tissue/dp/B00I474P2A/ref=sr_1_105/190-9749015-2691453?s=hpc&ie=UTF8&qid=1415473604&sr=1-105&keywords=Northern&tag=dummyaffliate"